<?xml version="1.0" encoding="UTF-8"?>
<metadata xml:lang="en"><Esri><CreaDate>20200710</CreaDate><CreaTime>17081900</CreaTime><ArcGISFormat>1.0</ArcGISFormat><SyncOnce>TRUE</SyncOnce><DataProperties><lineage><Process ToolSource="c:\program files (x86)\arcgis\desktop10.6\ArcToolbox\Toolboxes\Data Management Tools.tbx\CalculateField" Date="20200710" Time="170819">CalculateField Shapefiles\Contacts Python_Cod "180 + math.atan2((!Shape.lastpoint.Y! - !Shape.firstpoint.Y!),(!Shape.lastpoint.X! - !Shape.firstpoint.X!)) * (180 / math.pi)" PYTHON_9.3 #</Process><Process ToolSource="c:\program files (x86)\arcgis\desktop10.6\ArcToolbox\Toolboxes\Data Management Tools.tbx\CalculateField" Date="20200714" Time="151731">CalculateField Shapefiles\Contacts Code1 "math.atan2((!Shape.lastpoint.X! - !Shape.firstpoint.X!),(!Shape.lastpoint.Y! - !Shape.firstpoint.Y!)) * (180 / math.pi)
" PYTHON_9.3 #</Process><Process ToolSource="c:\program files (x86)\arcgis\desktop10.6\ArcToolbox\Toolboxes\Data Management Tools.tbx\CalculateField" Date="20200714" Time="231409">CalculateField Shapefiles\Contacts Code1 "math.atan2((!Shape.lastpoint.X! - !Shape.firstpoint.X!),(!Shape.lastpoint.Y! - !Shape.firstpoint.Y!)) * (180 / math.pi)" PYTHON_9.3 #</Process></lineage></DataProperties></Esri></metadata>
