<?xml version="1.0" encoding="UTF-8"?>
<metadata xml:lang="en"><Esri><CreaDate>20200729</CreaDate><CreaTime>21070800</CreaTime><ArcGISFormat>1.0</ArcGISFormat><SyncOnce>TRUE</SyncOnce><DataProperties><lineage><Process ToolSource="c:\program files (x86)\arcgis\desktop10.6\ArcToolbox\Toolboxes\Data Management Tools.tbx\CalculateField" Date="20200729" Time="210708">CalculateField Shapefiles\TAR_orientation Python_O "math.atan2((!Shape.lastpoint.X! - !Shape.firstpoint.X!),(!Shape.lastpoint.Y! - !Shape.firstpoint.Y!)) * (180 / math.pi)" PYTHON_9.3 #</Process><Process ToolSource="c:\program files (x86)\arcgis\desktop10.6\ArcToolbox\Toolboxes\Data Management Tools.tbx\CalculateField" Date="20200807" Time="172207">CalculateField Shapefiles\TAR_orientation Python_O "math.atan2((!Shape.lastpoint.X! - !Shape.firstpoint.X!),(!Shape.lastpoint.Y! - !Shape.firstpoint.Y!)) * (180 / math.pi)" PYTHON_9.3 #</Process><Process ToolSource="c:\program files (x86)\arcgis\desktop10.6\ArcToolbox\Toolboxes\Data Management Tools.tbx\CalculateField" Date="20200807" Time="172220">CalculateField Shapefiles\TAR_orientation Python_O "math.atan2((!Shape.lastpoint.X! - !Shape.firstpoint.X!),(!Shape.lastpoint.Y! - !Shape.firstpoint.Y!)) * (180 / math.pi)" PYTHON_9.3 #</Process><Process ToolSource="c:\program files (x86)\arcgis\desktop10.6\ArcToolbox\Toolboxes\Data Management Tools.tbx\CalculateField" Date="20200807" Time="173706">CalculateField Shapefiles\TAR_orientation Python_O "math.atan2((!Shape.lastpoint.X! - !Shape.firstpoint.X!),(!Shape.lastpoint.Y! - !Shape.firstpoint.Y!)) * (180 / math.pi)" PYTHON_9.3 #</Process></lineage></DataProperties></Esri></metadata>
